{"mse": 0.24960069444444444, "mae": 0.4992333333333334, "r2": -2.7822293449109026e-06}