{"auprc": 0.77, "auroc": 0.5, "precision": 0.54, "recall": 1.0, "f1": 0.7012987012987013, "f1_weighted": 0.3787012987012987}